,count,mean,std,min,10%,50%,90%,max,brier,type,scale,calibration_type,ATE,Balancing
0,10000.0,0.14336945836390205,0.10096363333052923,2.084271290891948e-05,0.022031863401646822,0.12849485371508082,0.28635320446511187,0.5869563734784264,0.24106853016087942,scaled_expit_0.125,0.125,,6.671275811529132,0.36114388390413443
0,10000.0,0.017849369558449093,0.013044668366985422,2.012827537645201e-06,0.003958682994208063,0.016051351758237964,0.036186881916301886,0.06647220849362274,0.2172773727045062,scaled_expit_0.125_calibrated,0.125,sigmoid_calib,4.856538822724129,0.3124149562938758
0,10000.0,0.1224856904435818,0.08514186737980592,7.326418777375832e-06,0.019089957866320374,0.110933745125924,0.2429461651410699,0.48157781333599786,0.2336729182433138,scaled_expit_0.25,0.25,,6.340274895816186,0.35734376272971397
0,10000.0,0.017760395888845187,0.013214706357543503,5.911120379897827e-06,0.0039753204191631695,0.015677259815883887,0.03665798872852427,0.06729707043178174,0.21728452439232393,scaled_expit_0.25_calibrated,0.25,sigmoid_calib,4.861518271391337,0.3123951992175532
0,10000.0,0.10886326603074613,0.07497054749586787,5.874641011927029e-06,0.017011872563446898,0.0992813632317083,0.21466775824257414,0.4144438546806046,0.22960167677613708,scaled_expit_0.3333333333333333,0.3333333333333333,,6.140921488908369,0.3539005954028859
0,10000.0,0.017679294613417832,0.01339162585979862,1.3938521857270736e-06,0.004009600026962934,0.015315083947576497,0.036982674622993546,0.0680656912241444,0.21729275392098135,scaled_expit_0.3333333333333333_calibrated,0.3333333333333333,sigmoid_calib,4.866411683123428,0.312379392168795
0,10000.0,0.0826051400586079,0.05588548469026451,3.828421951679317e-06,0.012868176338547862,0.07668132747494522,0.16099554908776184,0.29376403225620784,0.22342104616419048,scaled_expit_0.5,0.5,,5.780912449621115,0.34514419884810943
0,10000.0,0.017499311998181152,0.013889323379913736,1.4992372039390744e-06,0.003586584429727269,0.014372101305506924,0.03799474285727019,0.069817288437693,0.21732033029876394,scaled_expit_0.5_calibrated,0.5,sigmoid_calib,4.879124808633693,0.3123577689952928
0,10000.0,0.046414179781841924,0.030906671989362002,5.40200976123506e-06,0.007770444403464794,0.043552626811807854,0.08962286580904286,0.15284547018658284,0.21841870151765252,scaled_expit_0.75,0.75,,5.301078812536667,0.3286085499442795
0,10000.0,0.01731297622095486,0.014920064225135466,9.257228398062978e-06,0.0027610195496033164,0.012764049937469935,0.04013175617115869,0.07191447446553127,0.21739961635658914,scaled_expit_0.75_calibrated,0.75,sigmoid_calib,4.90280759236191,0.3124102358892151
0,10000.0,0.015358838384186859,0.009904396352710787,4.0913126309050085e-06,0.004698623752293358,0.012596461575011403,0.029368246012669675,0.05415188694061365,0.21732113141566306,scaled_expit_1,1,,4.83811003947099,0.30999388673420597
0,10000.0,0.01740163778302391,0.016075367396294202,1.3909879002460546e-05,0.00179529257047375,0.011524542919776753,0.04258354244368627,0.07230133688621959,0.21753636143197347,scaled_expit_1_calibrated,1,sigmoid_calib,4.929008692301932,0.3126393550799392
0,10000.0,0.015405703526824441,0.005810062288652652,1.656443135544805e-06,0.006440251983219992,0.017654345506730368,0.02116576320863463,0.024764404591891775,0.21885349965173123,scaled_expit_1.25,1.25,,4.324195986013832,0.29108094403258455
0,10000.0,0.017860969994633255,0.017090570885144978,2.3453892650238117e-07,0.0008143944548010929,0.011196045306778424,0.044846155027155436,0.07090706349840856,0.21773394817299954,scaled_expit_1.25_calibrated,1.25,sigmoid_calib,4.956014467364144,0.31307726845868883
0,10000.0,0.039885152231852045,0.017445983641460418,2.065811558482622e-07,0.01313480776116347,0.04277960787136059,0.06067081780502834,0.07048257760738896,0.2220286690369566,scaled_expit_1.5,1.5,,3.670740431339522,0.27300373979718795
0,10000.0,0.01882356876237234,0.01758648112161479,5.553649709555408e-07,0.00128389843160992,0.01173140589055452,0.04668092983909256,0.06830920948305505,0.21798575227405104,scaled_expit_1.5_calibrated,1.5,sigmoid_calib,4.983085239448323,0.3137054724091782
0,10000.0,0.06129981379164422,0.027352252742921305,7.7231313043713e-06,0.019253551014811864,0.06565167238775418,0.09445933594109332,0.10494691381486998,0.22615341411836148,scaled_expit_1.75,1.75,,2.746152650581959,0.2563606658510458
0,10000.0,0.02000767735771059,0.017742352066176907,8.173788323961872e-08,0.002014237801913943,0.0130874752947229,0.048003253642459894,0.06525466659040305,0.21827965427089271,scaled_expit_1.75_calibrated,1.75,sigmoid_calib,5.009815273324274,0.31447923812280404
0,10000.0,0.08001134924107174,0.03529624422226748,5.0753295444350144e-05,0.02511418770146496,0.0862201844218713,0.12223976553803782,0.13160784795000702,0.23076609366911652,scaled_expit_2,2,,1.340475657348248,0.24138793011934995
0,10000.0,0.021224278726356446,0.01783329052371807,4.8010351694216524e-08,0.002390160227450855,0.014999644559959058,0.04896040968114517,0.06237961953416721,0.21860223108081417,scaled_expit_2_calibrated,2,sigmoid_calib,5.035902554989303,0.31534864278545394
0,10000.0,0.1335630352892631,0.05389356208393298,1.8867035326053383e-05,0.04627735369159713,0.14892216697128377,0.19066434042016506,0.1958232354736864,0.24959737538406734,scaled_expit_3,3,,-20.842290282960636,0.1972114139395498
0,10000.0,0.026094323068987468,0.01826790588557594,8.00179672061363e-06,0.0031997259727892914,0.02577044741113499,0.050564480628956666,0.0552943003252534,0.21996773861928046,scaled_expit_3_calibrated,3,sigmoid_calib,5.1298937082631,0.31904444475036237
0,10000.0,0.01574933089329256,0.008315001683792275,7.1352690911297145e-06,0.004153453425347587,0.016512679254224005,0.023639491064540427,0.05621766975793911,0.22918884915150356,lr,lr_model,,4.9998846583609655,0.3284208396636873
0,10000.0,0.015432555529335758,0.010055639420672044,7.271308886114269e-06,0.003231343920262304,0.014401363575119008,0.028447747132647878,0.06066803312176741,0.2292100827323672,lr_calibrated,lr_model,sigmoid_calib,5.036598996792109,0.3285449609640695
0,10000.0,0.02250313120293181,0.01237584140094956,1.8291815206628037e-05,0.00537882024861045,0.023763946297782057,0.03481797281293541,0.08179934586057783,0.2292648533093913,lr_l1,lr_l1_model,,5.148601903260757,0.33112305566942374
0,10000.0,0.015559749048933648,0.009920515354695472,7.139772265629674e-06,0.0033393126252397208,0.015175427141961101,0.026918295165429585,0.06224149476776465,0.22922523552697563,lr_l1_calibrated,lr_l1_model,sigmoid_calib,5.072863579418846,0.3277558444751797
0,10000.0,0.04866759074756678,0.025932653770026716,5.237707500049815e-06,0.01190674946123233,0.050662967449679325,0.07944397242940432,0.1338627917062345,0.23110441549799257,lr_l2,lr_l2_model,,5.480811809448661,0.3443626237938162
0,10000.0,0.018404713373540382,0.008127730611388799,5.7014610835848245e-06,0.006191235176237975,0.01994685680988012,0.02773586341745824,0.04033963557865064,0.22966625569470733,lr_l2_calibrated,lr_l2_model,sigmoid_calib,5.000255320000393,0.33065674836941233
0,10000.0,0.03782656844874871,0.024630674969340603,2.2653977270747916e-06,0.007341233988322272,0.03430633269022343,0.07222514825087728,0.12881737416071093,0.23192115593407733,GBT_cv,GBT_cv_model,,5.629907325502324,0.3354088375079104
0,10000.0,0.014039042345244513,0.010620258120187057,2.448790149711666e-06,0.0026048752358436957,0.010837550545620134,0.029736128540743686,0.052741560325276174,0.2312170729103957,GBT_cv_calibrated,GBT_cv_model,sigmoid_calib,5.331279962813095,0.3248452990035533
0,10000.0,0.04117791318939694,0.030562193005844257,2.971229171588874e-07,0.005222421395948362,0.03562557806089095,0.08561858110769745,0.1467222985560277,0.2326474966848204,rf_cv,rf_cv_model,,5.675000700942932,0.3354969138277245
0,10000.0,0.01454110638743381,0.014167857470342571,3.801057417152087e-07,0.0009412466821215993,0.008656914551547212,0.03683871080031015,0.06388622405201014,0.23173930516822047,rf_cv_calibrated,rf_cv_model,sigmoid_calib,5.330837968046872,0.3225987247817794
1,10000.0,0.15304447574030627,0.10127710237684029,4.664406195520332e-05,0.028188772402960662,0.13969293126393134,0.2936167351961414,0.5640977841428805,0.240652315978006,scaled_expit_0.125,0.125,,6.706208516853967,0.3763210490210136
1,10000.0,0.021131966345391103,0.011052109787364374,3.166019748590543e-06,0.005590841561542327,0.0213314381784922,0.035352546667713224,0.04953662011183199,0.21470941849651376,scaled_expit_0.125_calibrated,0.125,sigmoid_calib,5.257834305084313,0.3287989595305356
1,10000.0,0.13189560518192606,0.0855013151336329,5.7944142482391214e-05,0.024735422253818473,0.12171814619264926,0.2499712427891082,0.46150548394373536,0.2328635326153637,scaled_expit_0.25,0.25,,6.418772435357205,0.37329423300082887
1,10000.0,0.021034919436673037,0.011203826858782925,2.0644789930857055e-05,0.005473324594488283,0.021020945463416374,0.03564709943097263,0.05054212187655324,0.21471362680722278,scaled_expit_0.25_calibrated,0.25,sigmoid_calib,5.259478047656908,0.3288103144168935
1,10000.0,0.11809932596691655,0.0753594581495979,1.0516338428412375e-06,0.0224744243518012,0.10995865117526643,0.22194004257598957,0.3965243180321678,0.22854431361130984,scaled_expit_0.3333333333333333,0.3333333333333333,,6.250101449713025,0.37032960841475865
1,10000.0,0.020942093453352552,0.011362750460162187,1.0475670360443612e-05,0.005377059205246848,0.020727461228859823,0.035961129133162635,0.051505427231048825,0.21471881739550813,scaled_expit_0.3333333333333333_calibrated,0.3333333333333333,sigmoid_calib,5.261112404460759,0.32882606618712623
1,10000.0,0.09149986492305165,0.05633433340571837,7.396320281238822e-06,0.018221379511132462,0.08673560489229726,0.16833254343860918,0.2801353663199926,0.2219043885611789,scaled_expit_0.5,0.5,,5.957769565848146,0.3624404344617077
1,10000.0,0.020728052100865146,0.01182539875987153,1.3130008520989556e-06,0.0050721423805416,0.019954614850977354,0.036861300423766764,0.053874626280723655,0.21473780159707695,scaled_expit_0.5_calibrated,0.5,sigmoid_calib,5.265463725078354,0.3288906916413131
1,10000.0,0.05472862501242393,0.031582449663753384,1.0963363786864466e-05,0.01190049381678346,0.05352260088379018,0.09722566077925274,0.14433681130340353,0.21630899439626247,scaled_expit_0.75,0.75,,5.604458740102541,0.34697213971410945
1,10000.0,0.02046934821670932,0.012847959939152517,5.98686292424544e-06,0.00458020043286006,0.018673908676491963,0.03878453970481954,0.05753655953949631,0.2147983474181998,scaled_expit_0.75_calibrated,0.75,sigmoid_calib,5.274109498452731,0.329117142819513
1,10000.0,0.022346594007292855,0.011643348362234417,1.2880449729579801e-06,0.005898480130511397,0.022345377223878415,0.037493978691558814,0.049979536944216085,0.21472965436663763,scaled_expit_1,1,,5.317274419273452,0.3291391993671298
1,10000.0,0.020436438812392033,0.014110169825060378,1.0860479582874838e-06,0.003959740139966207,0.01771912145897181,0.041140443627349824,0.06012032192585407,0.21491035605465636,scaled_expit_1_calibrated,1,sigmoid_calib,5.284790562018086,0.32954943358544225
1,10000.0,0.008549153590223573,0.0043971708818027625,1.222469338646448e-06,0.0016987942156481363,0.008559284195473582,0.014140184508018303,0.017244477753072546,0.21587502839876196,scaled_expit_1.25,1.25,,5.060409639398547,0.31074441460010926
1,10000.0,0.020735195607603993,0.015393287919421544,9.793779931821511e-06,0.003403765287571714,0.017579012174799707,0.04355612197556729,0.06127397924762128,0.21507852948499306,scaled_expit_1.25_calibrated,1.25,sigmoid_calib,5.297291048846659,0.3301946658601543
1,10000.0,0.03199524830004128,0.01668626585155093,2.835264675593585e-06,0.0081908267340283,0.03320970054619213,0.054063062119233625,0.06449074574372476,0.21873475599328285,scaled_expit_1.5,1.5,,4.796394948747507,0.2929694882674893
1,10000.0,0.02136636011927174,0.016514185231648715,5.02893356846279e-07,0.003019359732933624,0.01830801881839783,0.04585140891770875,0.06131468407479265,0.21529740692225804,scaled_expit_1.5_calibrated,1.5,sigmoid_calib,5.311393330970181,0.3310168513762415
1,10000.0,0.0531728224559324,0.026575526737730972,1.4065310934618935e-05,0.013553644044695286,0.05635297415891935,0.08696361243064574,0.09917080013287431,0.22259247643255534,scaled_expit_1.75,1.75,,4.4774971525097165,0.27646859833765086
1,10000.0,0.02231146384886407,0.01738987940164331,4.1932211361506155e-06,0.00295429319754253,0.01974098473010072,0.047704778309467934,0.06076525803697941,0.21555576630535228,scaled_expit_1.75_calibrated,1.75,sigmoid_calib,5.326746386424569,0.3319616899612392
1,10000.0,0.071635217967156,0.03434134426467032,2.3174798843839106e-05,0.01879758387409742,0.07656976197657589,0.11384262123200457,0.12543490515233388,0.22696738543740258,scaled_expit_2,2,,4.033495351579086,0.2615288021943402
1,10000.0,0.02361698174273292,0.018057222320231416,3.599976800550131e-06,0.0033522139747834355,0.021799701518886605,0.04950432616235378,0.060184799299660446,0.21584089334844148,scaled_expit_2_calibrated,2,sigmoid_calib,5.342931992903446,0.33297553889651904
1,10000.0,0.12384628948764018,0.05173160019875578,6.395424829497287e-05,0.03991003173348865,0.13880041436591678,0.17854063203361217,0.18470422174400203,0.24492983791565157,scaled_expit_3,3,,-2.7289857785801477,0.21705314791381344
1,10000.0,0.030393069705938257,0.019420944103348384,2.2057201720049324e-05,0.004226822611689585,0.03300088779429727,0.05412431147933668,0.059385991335234145,0.2170500028790636,scaled_expit_3_calibrated,3,sigmoid_calib,5.409088477497299,0.337007749574894
1,10000.0,0.017692348034825507,0.009219422323956818,4.8840798326788e-06,0.003689945722943755,0.019592536722017634,0.028925821024705957,0.03543991213427222,0.22527690352650898,lr,lr_model,,5.016992636929486,0.34291065215160804
1,10000.0,0.017142706154003366,0.011474430847327983,1.8515946620389911e-06,0.0027135820256793844,0.016045361652561707,0.03308074807086575,0.054956176931487244,0.22527693125174034,lr_calibrated,lr_model,sigmoid_calib,5.057674494259661,0.3429553178184916
1,10000.0,0.018392498556760496,0.00958781139136119,2.8682293251591773e-07,0.003806668344670633,0.020310838532416303,0.03002324265206805,0.03685817784354395,0.22527661372064828,lr_l1,lr_l1_model,,5.0303357174579615,0.34317756934417804
1,10000.0,0.017199014734352747,0.011429796394991263,1.5130406059160606e-06,0.0027626774011039077,0.016153097865964472,0.033048844964746846,0.054636375551477045,0.22527349879501163,lr_l1_calibrated,lr_l1_model,sigmoid_calib,5.060386627635767,0.3428846498145209
1,10000.0,0.02878545452133361,0.014495459471625734,3.7143462525701665e-06,0.006526527509065911,0.031769479015881036,0.04508125060059741,0.051380282339307345,0.22587097581675533,lr_l2,lr_l2_model,,5.169230362853238,0.34877281679792255
1,10000.0,0.018079828725014537,0.010005928318327178,2.4619476206577673e-06,0.003673507672281351,0.018999796806713043,0.030745841659563445,0.04073696569415497,0.22561649318103713,lr_l2_calibrated,lr_l2_model,sigmoid_calib,5.067024389260295,0.34384888431519295
1,10000.0,0.045197791803067267,0.028723179992835503,2.7668134673919376e-05,0.009624206263193104,0.04094335852401787,0.0862767387614043,0.14343549105270803,0.22893800252000784,GBT_cv,GBT_cv_model,,5.676939839315597,0.35977875248374847
1,10000.0,0.016861086584295564,0.012198239952634915,2.1276372761391826e-06,0.0036629148258234823,0.012979711006215977,0.0351713808332623,0.06439089393544528,0.22788458058072933,GBT_cv_calibrated,GBT_cv_model,sigmoid_calib,5.3569930889549635,0.348630327265419
1,10000.0,0.04880181072103819,0.03356667377492874,4.101457882876858e-06,0.009012485572233681,0.04363679576344448,0.09746212756741142,0.1567427224841238,0.2296098911566856,rf_cv,rf_cv_model,,6.033727185749561,0.35924847966575296
1,10000.0,0.017671483278493723,0.014716822850028493,1.2584603913401438e-06,0.005403184362094288,0.011174893419155757,0.039951219484387825,0.07578678289341789,0.22831416220319956,rf_cv_calibrated,rf_cv_model,sigmoid_calib,5.803990143016075,0.3455971445709306
2,10000.0,0.1516890902133072,0.10446460188273399,1.6532981089112386e-05,0.024974698207108403,0.13658370037439774,0.2979886160840188,0.5709854080031833,0.2406480264611896,scaled_expit_0.125,0.125,,6.538924659753408,0.3979684073352831
2,10000.0,0.01985137036549416,0.014636098332326384,4.50887231306929e-06,0.003567483428455132,0.01663281187519916,0.04072235826531597,0.07111992487336727,0.21473465249155582,scaled_expit_0.125_calibrated,0.125,sigmoid_calib,4.88191874703997,0.3576610767866045
2,10000.0,0.13042428906644823,0.08880444673519075,1.2951829906571177e-05,0.02160854257500172,0.1185158288022144,0.2548376307183681,0.47121156545260234,0.2328551564308768,scaled_expit_0.25,0.25,,6.2263339765310866,0.39611079517417963
2,10000.0,0.019755298867601478,0.01480865327735111,7.692722610030955e-07,0.003478855793756053,0.016287304049136503,0.041058320069590405,0.07209419422955976,0.2147411948190574,scaled_expit_0.25_calibrated,0.25,sigmoid_calib,4.88106660878476,0.3576775772136936
2,10000.0,0.11654329679358676,0.07874184803317331,1.3144756616512154e-06,0.01938838542769395,0.10650536437683594,0.22724213399369633,0.40848161904618574,0.22853324904600114,scaled_expit_0.3333333333333333,0.3333333333333333,,6.041038958460232,0.39390269574942255
2,10000.0,0.01966426765965459,0.01498483484992296,1.608245363549088e-07,0.0034491364714375862,0.015947028870544527,0.041330835106839436,0.07301053968173421,0.2147488028355664,scaled_expit_0.3333333333333333_calibrated,0.3333333333333333,sigmoid_calib,4.880545882152093,0.3576986663096446
2,10000.0,0.08974907711135029,0.059890014396286884,2.3151396238818567e-05,0.014971972671713284,0.08311949402338858,0.17383675234317258,0.29673635333871273,0.22189022931683586,scaled_expit_0.5,0.5,,5.715042861063689,0.38745784270893774
2,10000.0,0.019471680566920658,0.015480395350551355,1.778845249877925e-06,0.0033872304318789516,0.015100813812943037,0.042164093813829656,0.07519692561492852,0.21477469689738374,scaled_expit_0.5_calibrated,0.5,sigmoid_calib,4.880496067536912,0.3577780259008212
2,10000.0,0.05261232129074833,0.035540630020901846,1.1301376396377627e-06,0.008367689024539354,0.048790437698367994,0.10267828363765084,0.1665344541890169,0.2163062203600639,scaled_expit_0.75,0.75,,5.308199444903454,0.373937506662616
2,10000.0,0.01928337468813603,0.016483364146682288,2.9887729109390193e-06,0.0034301904154387386,0.013661067117093029,0.04399098123002307,0.07816017893812044,0.21485095189979966,scaled_expit_0.75_calibrated,0.75,sigmoid_calib,4.884580448754854,0.35803185468763127
2,10000.0,0.019699201199758164,0.016626911842919766,3.7678656034101365e-07,0.001366928186034222,0.01611235215260781,0.044587739893569144,0.07420085975603119,0.21476939566469863,scaled_expit_1,1,,4.962188233333119,0.35774702009254133
2,10000.0,0.01942813587533251,0.01759108176181861,8.896063264263177e-06,0.0038009275049037837,0.012672229882907393,0.04638189828271011,0.07947251014027501,0.21498553603365053,scaled_expit_1_calibrated,1,sigmoid_calib,4.894148594958748,0.35848666470522317
2,10000.0,0.010032541107673314,0.00789885258021855,6.397289631365766e-08,0.0012171026566212384,0.006046343061619164,0.02058000591833334,0.020776608671415092,0.21599178135425262,scaled_expit_1.25,1.25,,4.643232962882988,0.34069692019892406
2,10000.0,0.0199765130564168,0.01854693716281585,6.4156141911242415e-06,0.0022879406521856215,0.012524375444152108,0.04856838735519038,0.07880147209948019,0.2151835631743857,scaled_expit_1.25_calibrated,1.25,sigmoid_calib,4.908392623751089,0.35913926501269533
2,10000.0,0.034388444691806706,0.016594369604521774,1.1537096710201311e-06,0.00988644985017307,0.03461061818370398,0.05802804246466462,0.06730017088927975,0.21895892335703374,scaled_expit_1.5,1.5,,4.325095695302112,0.32401688636010756
2,10000.0,0.020862014560994364,0.019218769780439158,2.790293185395143e-06,0.001336619213040652,0.013286251495949863,0.050309327313552976,0.07670482166940418,0.21543947760560103,scaled_expit_1.5_calibrated,1.5,sigmoid_calib,4.926171920963283,0.3599501048322686
2,10000.0,0.05617344064998021,0.025690713620772423,8.183725166532874e-06,0.016023584199750637,0.06010175900437731,0.08963856221916616,0.1035422310022753,0.2229476464395987,scaled_expit_1.75,1.75,,3.99228689456082,0.3084193554089795
2,10000.0,0.022154966117253566,0.019507261873869808,4.621472444732433e-07,0.0019147583755989405,0.014904931861368459,0.051770036002412714,0.07406991022704601,0.21574140899201602,scaled_expit_1.75_calibrated,1.75,sigmoid_calib,4.946383558259599,0.3608665873111628
2,10000.0,0.0750861565573851,0.033257706487347174,3.8766886067964634e-07,0.02198170955911179,0.08131901232370092,0.11632825210956493,0.13132443930005724,0.22747038265474803,scaled_expit_2,2,,3.6540675996302223,0.29424237916866847
2,10000.0,0.02364772582899926,0.0197542239950452,7.624483725321429e-06,0.0023355631514991983,0.017299184298359777,0.05297458831621526,0.07164784709759786,0.21607563597364923,scaled_expit_2_calibrated,2,sigmoid_calib,4.968072625989583,0.3618389010257943
2,10000.0,0.1283280258064086,0.050857892569923346,1.6629132713497086e-05,0.04485242953409697,0.1435542207648393,0.18526094279797597,0.19429317629519002,0.24609661178022957,scaled_expit_3,3,,7.516200347688307,0.2520161935753418
2,10000.0,0.029537864559209003,0.020320406325650662,1.3545954684612838e-06,0.003486816219120681,0.02948645478978479,0.05708160731330616,0.0650116245114788,0.21751368880322483,scaled_expit_3_calibrated,3,sigmoid_calib,5.056900736374069,0.36564005170661545
2,10000.0,0.018406619730060258,0.011272682032425378,1.8872895360511066e-05,0.005475305169017697,0.017310532282001634,0.034392259487659886,0.06980962964633664,0.2261241778557138,lr,lr_model,,5.050123031686558,0.37110210641015046
2,10000.0,0.01839976461297821,0.01276251170760526,5.327633684215627e-07,0.00510704677900531,0.015473919063750535,0.037526484543571874,0.07785547802830206,0.22618157518063187,lr_calibrated,lr_model,sigmoid_calib,5.068135530372811,0.371029798777946
2,10000.0,0.018699063165986213,0.011406150161349302,3.456034400883823e-06,0.0056411220984707525,0.017565172468030382,0.034923027396942315,0.07093700519769663,0.22611284863847303,lr_l1,lr_l1_model,,5.055775367677971,0.3711859394196396
2,10000.0,0.01839687357516476,0.012779976472824932,3.308498185417008e-06,0.005059004196830619,0.015449608738224374,0.03756088868627128,0.07802085173620588,0.22617103025253563,lr_l1_calibrated,lr_l1_model,sigmoid_calib,5.069654205548645,0.3709653129529889
2,10000.0,0.05711635804687213,0.03367664660119543,1.527146360813525e-05,0.013141893324390854,0.05534967512187816,0.10036925941047649,0.1949796663331459,0.22832747518334032,lr_l2,lr_l2_model,,5.517009107760749,0.3854347108957828
2,10000.0,0.019538079635976036,0.01258633687303208,3.7040550221467683e-06,0.005611514857784861,0.018196736876167713,0.03883434121730475,0.07558426448464606,0.22615705085774612,lr_l2_calibrated,lr_l2_model,sigmoid_calib,5.046575724120276,0.3707119778189864
2,10000.0,0.045708561542816065,0.023759673507777593,6.901989700391908e-05,0.010976340507016014,0.047648016105849345,0.07737944473059663,0.09996902011669659,0.22871090773217917,GBT_cv,GBT_cv_model,,5.632083936337664,0.38890082581533425
2,10000.0,0.019351155250359093,0.008671976036213863,9.919085338983002e-06,0.005847694726123853,0.02090276152265047,0.029654503454616638,0.03433015420937996,0.22767341388367632,GBT_cv_calibrated,GBT_cv_model,sigmoid_calib,5.373761762093779,0.3795490376050817
2,10000.0,0.04939560196770835,0.03073947489394523,4.702342373769097e-05,0.011236133443828374,0.045600984906568415,0.0954659917948211,0.1376022217538592,0.22894684433514326,rf_cv,rf_cv_model,,5.666771018337824,0.39375388397412536
2,10000.0,0.017865900215086113,0.013431271808339479,1.1946496359938052e-06,0.002932104197442332,0.01505730280355666,0.035953076170774124,0.06308782777401745,0.22766929519718723,rf_cv_calibrated,rf_cv_model,sigmoid_calib,5.3600321263131185,0.38380707187899976
3,10000.0,0.14436318935262976,0.10210590810582712,1.2439907539629758e-06,0.024358003298396692,0.12784342419286482,0.28860644122820167,0.5443471674134608,0.2409431770623823,scaled_expit_0.125,0.125,,6.308357293863014,0.36519595464082727
3,10000.0,0.017456090197107553,0.012797268325227932,1.7552313210655868e-06,0.003639809767852442,0.013334833956999442,0.03617131973365434,0.06930798410607053,0.21664944484936355,scaled_expit_0.125_calibrated,0.125,sigmoid_calib,5.175920365093953,0.32031279329856155
3,10000.0,0.12348027779782042,0.08622426621324966,8.071917795282602e-06,0.02093682240975909,0.11009280523381976,0.24528185971777408,0.4523438323023877,0.2334276740084838,scaled_expit_0.25,0.25,,6.0496008149014555,0.3619676656407815
3,10000.0,0.01742678458642965,0.012951984941214141,4.018079613699044e-06,0.0037025770679288586,0.013042187340108147,0.03650436217963909,0.07004920396873016,0.21666468617648144,scaled_expit_0.25_calibrated,0.25,sigmoid_calib,5.1760936761010505,0.320391802736661
3,10000.0,0.10985995129727874,0.0760036587164196,9.399506601837082e-06,0.01869641377499605,0.0984156176081519,0.21712422863344624,0.3936317535539069,0.22928216869231943,scaled_expit_0.3333333333333333,0.3333333333333333,,5.899990769663685,0.358934151433235
3,10000.0,0.017405967561635517,0.013109764968298698,8.023937793089075e-06,0.0037815656560774014,0.012754927169343844,0.03685016322837573,0.07074643838781769,0.21668104472320032,scaled_expit_0.3333333333333333_calibrated,0.3333333333333333,sigmoid_calib,5.17640101038347,0.32047584175113564
3,10000.0,0.08361107247235575,0.05681576170853829,2.7302472395240862e-05,0.014173215457591915,0.07566737123951989,0.16428272935626537,0.28678454850742907,0.22297235582541908,scaled_expit_0.5,0.5,,5.646710061791486,0.3510883327071682
3,10000.0,0.017396465539477008,0.013541939444916025,3.576267780247555e-06,0.004037922777402326,0.012017125625976316,0.03770591177174044,0.07238350360134438,0.21673050071800018,scaled_expit_0.5_calibrated,0.5,sigmoid_calib,5.177835343609117,0.3207252583058773
3,10000.0,0.047367166401856,0.031840157825925676,3.028687692752108e-06,0.007626991488230739,0.042733380391513504,0.0930317168277423,0.1578867279253071,0.21783347166283826,scaled_expit_0.75,0.75,,5.358243248907012,0.3361414480150798
3,10000.0,0.017569341690210915,0.01439923834825286,4.6140319661658324e-06,0.0047182023795972255,0.01065337923577006,0.03961241071815804,0.07455914710927836,0.21685280041395094,scaled_expit_0.75_calibrated,0.75,sigmoid_calib,5.182911110848528,0.3213153937387756
3,10000.0,0.016306290517284838,0.011176020524514857,6.603851601227895e-06,0.0045998818664176435,0.013424358808218156,0.03253081832782486,0.06363756457521608,0.21666487542498444,scaled_expit_1,1,,5.15154934754505,0.3192815157571106
3,10000.0,0.018084338830323846,0.015324904608777565,2.8855178705322615e-06,0.005631253074761089,0.009485145424167257,0.04194675351418312,0.07543398765324072,0.21703851742163582,scaled_expit_1_calibrated,1,sigmoid_calib,5.191874748821807,0.32215450204234836
3,10000.0,0.014579295837945394,0.006515188871508645,2.2340003900112038e-06,0.004679332639423173,0.01568166557467543,0.022607471665303268,0.025286491321382235,0.21817615501431373,scaled_expit_1.25,1.25,,5.004726724244275,0.3021443240204132
3,10000.0,0.018944508550799516,0.016123624484639318,2.8675285603685374e-05,0.00603376867017561,0.010063382568092749,0.04417190743276956,0.0748088730794525,0.21728495975748283,scaled_expit_1.25_calibrated,1.25,sigmoid_calib,5.204112704915444,0.32319097098777594
3,10000.0,0.03857136819070271,0.01804835198949621,3.87804702722816e-06,0.009666789563400264,0.04332458626998248,0.05955835573495815,0.0738823359266348,0.221362121952601,scaled_expit_1.5,1.5,,4.903907945539063,0.2857516811944524
3,10000.0,0.020028584446034246,0.01670925087246537,2.456513525928017e-05,0.0053261153257836815,0.011390341201981957,0.045946333945832224,0.07311912322140968,0.21758102730278478,scaled_expit_1.5_calibrated,1.5,sigmoid_calib,5.21858176065162,0.3243525391247166
3,10000.0,0.05985258364915462,0.027956502682258997,1.0184803402868425e-06,0.015369893754415677,0.06561592209573366,0.09122256384009744,0.11025003024417442,0.225513596390752,scaled_expit_1.75,1.75,,4.843102698182432,0.27063875926218844
3,10000.0,0.021188334349590495,0.017068424193117455,4.664228006157067e-06,0.004926260736859733,0.013238577237377647,0.04708650097944826,0.07088190432217689,0.21791182333450806,scaled_expit_1.75_calibrated,1.75,sigmoid_calib,5.234283545821087,0.325570612627568
3,10000.0,0.07849836070210053,0.03592166642672764,5.9234083242820645e-06,0.021306475574311014,0.08574268242751054,0.11902604232016376,0.1380262848225165,0.23015646983708435,scaled_expit_2,2,,4.827545735691235,0.25701845316575195
3,10000.0,0.022423248982858676,0.01726180786331342,1.083206672725101e-05,0.004842333252531772,0.015398864369638887,0.04777255861337068,0.06865824025938161,0.21826270679806975,scaled_expit_2_calibrated,2,sigmoid_calib,5.250438503863036,0.326792128195012
3,10000.0,0.13224248228301186,0.05441234216937269,1.2691670412734446e-05,0.044300970917730435,0.14821311018611438,0.1895348915522957,0.2012656882392281,0.24901870027296077,scaled_expit_3,3,,6.686843625503669,0.21667733839764464
3,10000.0,0.02814598259477873,0.01729493677839378,7.185115269425779e-06,0.007607267403727952,0.026020053472358667,0.05519809598590445,0.06352110591601379,0.21966576689167938,scaled_expit_3_calibrated,3,sigmoid_calib,5.311306172729584,0.33118598571301366
3,10000.0,0.013986488791720418,0.013437171326821323,3.074581215734007e-06,0.003681384362323359,0.006375629300683389,0.03530314114534967,0.06756242690278783,0.22686815450150824,lr,lr_model,,5.0570897463094315,0.3294396090653836
3,10000.0,0.014184884784174321,0.015578792840222056,1.3996437785435134e-06,0.0008421239001663418,0.006116736732795558,0.039341819955387075,0.07691828619557217,0.22701370518744443,lr_calibrated,lr_model,sigmoid_calib,5.081119046420246,0.3312392422860926
3,10000.0,0.01740414783002864,0.015989988159903185,8.475204948843462e-06,0.002905647159946445,0.010647120123601639,0.04256802438470776,0.08037389416625333,0.22690625708136977,lr_l1,lr_l1_model,,5.1344970022838226,0.3312581648093993
3,10000.0,0.0140435448911323,0.015567876399703858,7.688097541924677e-08,0.0007117610838772161,0.005229385398798525,0.039094773067934255,0.07596591815072895,0.22702697349055706,lr_l1_calibrated,lr_l1_model,sigmoid_calib,5.116272049148236,0.3309803767982749
3,10000.0,0.034631407700332205,0.02215167874497361,7.72538957916069e-06,0.0061049242642820635,0.033069678692504684,0.06643512790477663,0.09619914517356018,0.22848566854805413,lr_l2,lr_l2_model,,5.306474645137521,0.34082300058286047
3,10000.0,0.015852585515682624,0.01134929373685547,2.832444733202877e-06,0.0037584800590669486,0.012727313125646983,0.03281228516635265,0.05005992352234656,0.22792251969665303,lr_l2_calibrated,lr_l2_model,sigmoid_calib,5.1159662506364265,0.3333494887684465
3,10000.0,0.039023120891043116,0.027701261255466333,9.395769178799362e-06,0.006422209719301186,0.03343826026898483,0.07914968041440926,0.12980333332489824,0.23053020740492622,GBT_cv,GBT_cv_model,,5.65021503289932,0.3440729133811101
3,10000.0,0.013828031444685777,0.011585403608577335,3.6244472297886077e-06,0.001952258603787449,0.009436272496120557,0.03155676691064533,0.05333794936419467,0.22965672391643774,GBT_cv_calibrated,GBT_cv_model,sigmoid_calib,5.464166135026026,0.33413393659816104
3,10000.0,0.044001827903887326,0.03484432235862637,1.4134384939690214e-06,0.0046404572007783425,0.03542998054860705,0.09295666039197595,0.1674212797827663,0.2311276515194654,rf_cv,rf_cv_model,,5.744057874630265,0.35005158529294234
3,10000.0,0.013551124388059594,0.014509986037102194,2.2747566556513554e-06,0.0009086944706931055,0.00551675114094774,0.03372772329884165,0.07581319415862729,0.22982189675127407,rf_cv_calibrated,rf_cv_model,sigmoid_calib,5.517106285509807,0.3379502600400795
4,10000.0,0.1597313058581815,0.100337659684957,8.879982035348011e-05,0.03191813764747688,0.15146705092314747,0.2965154243350871,0.5770578365826352,0.24048736888927968,scaled_expit_0.125,0.125,,6.531184145629251,0.370897115239298
4,10000.0,0.025330037860109768,0.010624839792023007,5.806302504629546e-06,0.00842266655744293,0.028798892125341147,0.037878498743223035,0.04913806052918721,0.21325060048239985,scaled_expit_0.125_calibrated,0.125,sigmoid_calib,4.876523159967533,0.31562681627420136
4,10000.0,0.13864409883178183,0.08470996301539142,1.9890064352434678e-05,0.028750371975867398,0.13372922872957674,0.25325833383746904,0.4712493633905822,0.23253122510428834,scaled_expit_0.25,0.25,,6.213936157494709,0.36693380176262147
4,10000.0,0.02521732319008224,0.01069468287116172,9.334923459225486e-06,0.008292332922856962,0.02880474809595235,0.03793539682740647,0.05016392038029575,0.21324562219614876,scaled_expit_0.25_calibrated,0.25,sigmoid_calib,4.879776056924333,0.3156157601653869
4,10000.0,0.12489294893167183,0.07469920683574131,2.5863947366033813e-06,0.026728389265263573,0.121798027269335,0.2253583138719053,0.4048449051832397,0.228099145270955,scaled_expit_0.3333333333333333,0.3333333333333333,,6.023386711742453,0.36336169097967125
4,10000.0,0.02510762225832102,0.010776667267574352,1.3139814895368751e-05,0.008166366553396942,0.028821523807285088,0.03800567478253295,0.05115546431717455,0.213241432927792,scaled_expit_0.3333333333333333_calibrated,0.3333333333333333,sigmoid_calib,4.882866252238784,0.315609240985531
4,10000.0,0.09839604589842402,0.056034402393398776,2.1201933759207314e-05,0.022412616048872087,0.09804884684321122,0.17291835095221658,0.2874500432343069,0.2212307607342081,scaled_expit_0.5,0.5,,5.681368240252372,0.3543315424740616
4,10000.0,0.024852077188921472,0.011062748151508081,2.337198332552637e-05,0.007853034819919285,0.028248128339516232,0.03828895093433879,0.05364584926123987,0.21323442097296974,scaled_expit_0.5_calibrated,0.5,sigmoid_calib,4.890544696051543,0.3156147607408895
4,10000.0,0.06179754070556836,0.03219314503490922,3.603639190941088e-06,0.015651392149467157,0.06380887699148746,0.10319859984387145,0.153392742166312,0.2152853866601231,scaled_expit_0.75,0.75,,5.233864547833532,0.3373824179236736
4,10000.0,0.024504645680731758,0.011866679169619225,1.9984946012852056e-05,0.007173474220854382,0.02625322723631135,0.03920633557944309,0.05767144883676686,0.21324057931310622,scaled_expit_0.75_calibrated,0.75,sigmoid_calib,4.904341412820659,0.31572583145030336
4,10000.0,0.02953572594383935,0.014490158682631786,7.836921108617112e-06,0.00936393209196192,0.027958405153228172,0.05080647521355593,0.06133619511704224,0.21334425216058245,scaled_expit_1,1,,4.818272671027249,0.3183439184442102
4,10000.0,0.024354740676738634,0.013078123978165717,9.129662905116298e-07,0.006394930575882624,0.02439732821707677,0.041272646612557876,0.06081847234785354,0.2132849668429823,scaled_expit_1_calibrated,1,sigmoid_calib,4.920246547223398,0.31602303862148795
4,10000.0,0.009760825251631746,0.005529504326853713,1.708618285176794e-05,0.0021979136375081102,0.010387162516348261,0.015229871575691147,0.031857623524113476,0.21411512982817443,scaled_expit_1.25,1.25,,4.380840040393064,0.2989790455809138
4,10000.0,0.024504430304424125,0.014501628694895668,2.431631627830555e-06,0.005544250701296461,0.023540042103868453,0.04428943863542712,0.06265374686533652,0.21337842335125906,scaled_expit_1.25_calibrated,1.25,sigmoid_calib,4.938415037310947,0.3165252798439823
4,10000.0,0.025104559550114015,0.017334809586829526,1.8096733644945573e-06,0.005515366020698437,0.021049307489448596,0.051929307504845215,0.07381282730115524,0.21659290408518292,scaled_expit_1.5,1.5,,3.8551026106587303,0.28042331155045536
4,10000.0,0.024939292886450963,0.015910609547557544,3.5595857246217832e-06,0.004695856588526743,0.02362068112333368,0.04707530221478672,0.06339525022664866,0.2135208553096849,scaled_expit_1.5_calibrated,1.5,sigmoid_calib,4.9587780122758325,0.3172077081996132
4,10000.0,0.045476557656913386,0.026547807803228157,7.381311847298733e-06,0.01003120042811261,0.04459096739210709,0.08272128454423265,0.10483998839867614,0.22007045193878666,scaled_expit_1.75,1.75,,3.144347082894928,0.2632879799494743
4,10000.0,0.02568097313140032,0.01719264147464685,2.5486375123118243e-06,0.0038643616871270664,0.02462069437585801,0.04956212212431774,0.0635694426405404,0.21370511280280396,scaled_expit_1.75_calibrated,1.75,sigmoid_calib,4.980866216760891,0.31802502249499864
4,10000.0,0.06355315590997812,0.033801578737094176,3.0163658563286955e-05,0.014825052236249862,0.06541716269166954,0.10847726271439492,0.1286133365796488,0.22407668637468414,scaled_expit_2,2,,2.091986047666273,0.2478229054382548
4,10000.0,0.026752808806116996,0.01832221108850204,9.788230741492043e-07,0.003026144559124755,0.026306934810911065,0.0517095750528265,0.06363121332231936,0.21392122544180228,scaled_expit_2_calibrated,2,sigmoid_calib,5.0040251435511145,0.31892896430923173
4,10000.0,0.11455796075830892,0.049833692498943455,1.5950217326976546e-05,0.03587862133892552,0.12667137712013748,0.17356991668186111,0.18302500882086137,0.240802310026162,scaled_expit_3,3,,-15.577325022360855,0.2018301307685373
4,10000.0,0.03352898887648479,0.021117159392660064,3.2585923247507864e-06,0.0020385221549317992,0.037095291802922925,0.05952071965370239,0.06534971340601861,0.21492587024739787,scaled_expit_3_calibrated,3,sigmoid_calib,5.096320066784796,0.3227038665006831
4,10000.0,0.018425364381685246,0.008824676137362838,1.045223789425398e-05,0.005410466662972408,0.0192775518119902,0.030091292539859708,0.04273641834806975,0.2259897986689368,lr,lr_model,,4.925432340549025,0.33514344711532307
4,10000.0,0.01810283650801199,0.010613047162688148,3.6320992999328006e-06,0.00468498062063476,0.018729813375576443,0.03290381543574628,0.05866038120319052,0.22597593271242913,lr_calibrated,lr_model,sigmoid_calib,4.980779363300429,0.33647917713878384
4,10000.0,0.023693226381898354,0.011806612344341886,1.3303902618444496e-07,0.005716767763047881,0.02731096885112025,0.03812112019141784,0.055572195121495846,0.22607416859755095,lr_l1,lr_l1_model,,5.042889918135175,0.3379288639271233
4,10000.0,0.01808326585341234,0.010647664300566805,3.3965655069634337e-06,0.00406298498576162,0.019113463055565105,0.03225000680781928,0.05755666799688662,0.22600840578257103,lr_l1_calibrated,lr_l1_model,sigmoid_calib,5.010465065561734,0.33633355587425057
4,10000.0,0.025843404633943943,0.011279664352836163,3.271266800275452e-06,0.007311501982879432,0.02922623908859595,0.03911730285930753,0.046192784472297105,0.226430189487618,lr_l2,lr_l2_model,,5.040809050791804,0.3395793462686325
4,10000.0,0.018955199738802348,0.009252808352143468,9.1699863045136e-06,0.005430586252060821,0.02057148939848616,0.031260321027841584,0.04747035069017279,0.22630300151993046,lr_l2_calibrated,lr_l2_model,sigmoid_calib,4.986992033252143,0.33737128448277826
4,10000.0,0.045983120980057364,0.026725255799711797,6.360998393795114e-06,0.010266733479117558,0.04522860310540555,0.07906564758157379,0.14137383462631142,0.22851446869033062,GBT_cv,GBT_cv_model,,5.626015634836763,0.35272224744074654
4,10000.0,0.017374105073755662,0.010893254252446496,8.349255756878726e-06,0.0036085295448473552,0.017446128251071252,0.029241449077691162,0.06235265545785884,0.22744312503460345,GBT_cv_calibrated,GBT_cv_model,sigmoid_calib,5.293054324685586,0.34167493017331785
4,10000.0,0.04725891024201682,0.03130844235097129,3.985546904544668e-05,0.008585607832615446,0.04313673441873264,0.08892671451546286,0.1513277774081891,0.22960884172312357,rf_cv,rf_cv_model,,5.629031458370335,0.3558605444650661
4,10000.0,0.016504799659833445,0.014350652966751714,1.4196335956229156e-06,0.0033006390399106414,0.011923685226951308,0.03465137868143784,0.07353242959774962,0.22843889355493288,rf_cv_calibrated,rf_cv_model,sigmoid_calib,5.244379231776768,0.34417639082912077
5,10000.0,0.14554358494242578,0.09526241227323932,7.254200926853915e-05,0.02813207543602133,0.13325366283179046,0.27721307433908415,0.5544268009688387,0.24114269670188682,scaled_expit_0.125,0.125,,6.509388997735121,0.3741819922393375
5,10000.0,0.02131271741964995,0.010746938567820882,1.4229808986687686e-06,0.006052054465884094,0.02314003329077713,0.03490021812291736,0.054965376536378785,0.21791733282798367,scaled_expit_0.125_calibrated,0.125,sigmoid_calib,5.035019458517203,0.33633750437328963
5,10000.0,0.1244939155171751,0.07954582825145139,1.3611511355926531e-05,0.02475320370858794,0.11554763888165515,0.23373070802762555,0.4371510631811195,0.23382906261396347,scaled_expit_0.25,0.25,,6.207260449656926,0.3720198591390298
5,10000.0,0.021203236445201133,0.010890354148372552,2.354757220590642e-05,0.0058825581058423015,0.022741254078716022,0.03500555946750368,0.05601675876242951,0.21791711826872498,scaled_expit_0.25_calibrated,0.25,sigmoid_calib,5.035828584773788,0.33629085232957484
5,10000.0,0.11076153268307715,0.0694623768254594,8.876972108273762e-06,0.022287606943529627,0.10403527509227029,0.20575782370898765,0.3642240834714142,0.22981533958523323,scaled_expit_0.3333333333333333,0.3333333333333333,,6.0272220413279705,0.3696502857270349
5,10000.0,0.02109920763075269,0.011045219200795355,4.316692441164172e-06,0.005743316870088034,0.022341127211055023,0.03512888665092741,0.05702928915017591,0.21791777269563842,scaled_expit_0.3333333333333333_calibrated,0.3333333333333333,sigmoid_calib,5.036654375213105,0.33624702450230515
5,10000.0,0.08428226818640162,0.05059941980383021,1.1119355797784003e-05,0.017838567883709806,0.08149211017582789,0.15257135988840329,0.24987546838090147,0.22375325798253626,scaled_expit_0.5,0.5,,5.707796687838103,0.36296399454678746
5,10000.0,0.02084921920308031,0.011509475879143955,1.0863086546963885e-06,0.005417466478086104,0.021283086285649233,0.03554448526834484,0.059524700204688696,0.2179240563793028,scaled_expit_0.5_calibrated,0.5,sigmoid_calib,5.03899873902192,0.3361442837708926
5,10000.0,0.04764676313836682,0.02622685236378083,3.1099609981710685e-06,0.011350180682855478,0.04840908582162326,0.08103079882052418,0.12650202336649852,0.2189261273120567,scaled_expit_0.75,0.75,,5.300744032084395,0.3492236942068731
5,10000.0,0.020490232170096403,0.012579754880842139,2.7486178219127133e-05,0.0046625048508597946,0.019339212510263742,0.03701236571965155,0.06340785783320202,0.21795725010565134,scaled_expit_0.75_calibrated,0.75,sigmoid_calib,5.044471595989478,0.33600772243767363
5,10000.0,0.015378796967891958,0.007256936918851728,4.1359815141639444e-06,0.004204286782864386,0.01693807537913458,0.02326030498178876,0.03780501205607911,0.21798141505770144,scaled_expit_1,1,,4.939784712899041,0.3329025281240638
5,10000.0,0.020306684855941573,0.013950293829698677,5.571328664411013e-06,0.0037650350433596773,0.017482561770803817,0.03977960303893181,0.06617039245262846,0.21803342114091537,scaled_expit_1_calibrated,1,sigmoid_calib,5.052711598600776,0.335962211114193
5,10000.0,0.014862356645788605,0.00886767048150513,5.047556475734627e-06,0.003774973113266872,0.014661827789036741,0.025191926145597322,0.04872867359931586,0.21962629435360032,scaled_expit_1.25,1.25,,4.5827015540884535,0.3157482373583947
5,10000.0,0.020373441273960256,0.015338939345105588,1.975416343613645e-06,0.0028899993107590173,0.016358350852812148,0.04235593867151265,0.06722026831528627,0.2181593529260992,scaled_expit_1.25_calibrated,1.25,sigmoid_calib,5.063786279832536,0.33604710578469527
5,10000.0,0.03881631182753408,0.021393776502179142,7.336993567141903e-07,0.00805950631478772,0.04025074382627894,0.0660592456639414,0.09038525797859788,0.22286433611994297,scaled_expit_1.5,1.5,,4.183146506401998,0.29895175853938355
5,10000.0,0.020782141710421722,0.016490704383529346,5.671128482376275e-07,0.002617495007454241,0.016354818118601788,0.04473145477757316,0.06685887474891983,0.2183321321958173,scaled_expit_1.5_calibrated,1.5,sigmoid_calib,5.077256704096336,0.33626482802831
5,10000.0,0.06022258224926141,0.03094465968368011,1.2827265423953627e-05,0.013835240627686419,0.0635242588409077,0.0989715332907847,0.12088296970817594,0.22700164063262188,scaled_expit_1.75,1.75,,3.680782794493865,0.2832035918852169
5,10000.0,0.021499873814486623,0.017207990092782354,2.9205300646761856e-06,0.003560919930030826,0.017164069204822968,0.04651652037579933,0.06550749121312416,0.21854326454890732,scaled_expit_1.75_calibrated,1.75,sigmoid_calib,5.09245114223412,0.33659653382655225
5,10000.0,0.07900510815093992,0.0384266342950273,3.91166425370848e-05,0.01970512303281363,0.08429774757589376,0.12568318265628245,0.14424561941323832,0.2315817649259766,scaled_expit_2,2,,2.986748752079273,0.268832222603573
5,10000.0,0.022526046175273075,0.0177213163116234,5.370271263238635e-07,0.004308056857314097,0.01869857922410184,0.04800557021339591,0.06397432938885417,0.21878253185531266,scaled_expit_2_calibrated,2,sigmoid_calib,5.108704842151201,0.3370154349987881
5,10000.0,0.13261260540226377,0.05494162688801381,1.3836470897587994e-05,0.04220894948567768,0.1483261015660845,0.1903179170712642,0.1979482691259096,0.25000359468608446,scaled_expit_3,3,,-6.519112525749165,0.22544509159685647
5,10000.0,0.027571618304090568,0.01881553272298371,2.4001643257332006e-06,0.0034097383653771242,0.02822814565738274,0.052485405954235655,0.05922476158940149,0.2198516719779419,scaled_expit_3_calibrated,3,sigmoid_calib,5.175275573399405,0.33908807081118386
5,10000.0,0.015623782294053331,0.008591089457915622,2.251779721740288e-06,0.0032620690901088156,0.016429697219171813,0.024445167580895242,0.04570860464576909,0.22864547015383369,lr,lr_model,,5.014117371404139,0.34858027152763776
5,10000.0,0.015189983043654695,0.010695006914888476,3.3202604422521986e-06,0.0023167402146716588,0.013535694382765806,0.030486267149721004,0.054607831754295955,0.22866352998174197,lr_calibrated,lr_model,sigmoid_calib,5.038891204099944,0.3486537541505902
5,10000.0,0.024208645084397244,0.013587226084692807,2.5975591497751083e-06,0.004831310592703142,0.02487610767580606,0.04135071958779728,0.07107603186338263,0.22880601524734115,lr_l1,lr_l1_model,,5.191764336803444,0.35155013718823136
5,10000.0,0.015457571098284053,0.010045283090517495,2.5557023243250043e-06,0.002488861080215366,0.014350231383949363,0.029492220812440753,0.052156955896572765,0.2287188243852067,lr_l1_calibrated,lr_l1_model,sigmoid_calib,5.097212295770769,0.3477696862182419
5,10000.0,0.03991823731380501,0.019005207910312072,2.409973973271917e-06,0.009842793307686615,0.046181031914983434,0.06014440441016779,0.06126804429791721,0.23049184486700328,lr_l2,lr_l2_model,,5.389080128918609,0.3594785862836063
5,10000.0,0.01920886631159723,0.007930241306830045,9.798052578502414e-06,0.005853249923956527,0.022913891904203842,0.02732807943588458,0.028398855669471423,0.2296967025836364,lr_l2_calibrated,lr_l2_model,sigmoid_calib,5.099896540655788,0.35124798206769337
5,10000.0,0.038580347123707455,0.02421633556573847,2.6314426361750964e-05,0.007700298844917297,0.036564333580110964,0.07250151476872978,0.1323593806300244,0.23176814395935935,GBT_cv,GBT_cv_model,,5.602521701753533,0.3616904198833171
5,10000.0,0.01530190655782198,0.010399283219045222,1.0165759998792545e-06,0.0034473923585471747,0.013098003813830417,0.030399331366762428,0.05808494605846892,0.2310608405857446,GBT_cv_calibrated,GBT_cv_model,sigmoid_calib,5.339590146372732,0.353049292911479
5,10000.0,0.043687247388457015,0.028500218791201053,1.1735881400354309e-05,0.00699556610787595,0.042367120539850034,0.08367132911665888,0.13566595467318976,0.2322446251745268,rf_cv,rf_cv_model,,5.716898354953121,0.3594717717660729
5,10000.0,0.015804980067330034,0.01338726228091653,1.4353295368918495e-06,0.0011881077189057178,0.013831954737594881,0.03530366437625507,0.06435843845165334,0.23130242390208963,rf_cv_calibrated,rf_cv_model,sigmoid_calib,5.435415305639294,0.3491525704862777
6,10000.0,0.15437446622265774,0.10011110133607724,3.644346734299475e-05,0.028999942062319334,0.1432793229590238,0.293665378942677,0.5242302279103254,0.24064343962691828,scaled_expit_0.125,0.125,,6.728269644310321,0.38380631440119534
6,10000.0,0.02314026997999023,0.011535116438816181,1.9958212436055334e-06,0.0057059427084999335,0.025588688120820463,0.036683683208540034,0.04562031207525215,0.2146980152721262,scaled_expit_0.125_calibrated,0.125,sigmoid_calib,5.20688892605456,0.3398869924304123
6,10000.0,0.13313611674551215,0.08435589042921449,2.1706710352620284e-05,0.025572725361816297,0.12543293592194216,0.24969549543814853,0.42679340598465487,0.23285479780880328,scaled_expit_0.25,0.25,,6.43159883898461,0.3812056176803396
6,10000.0,0.02299164183301989,0.011662934600306768,1.6879281304893468e-06,0.0055924100620238955,0.02516686474198801,0.03701869138368593,0.046873375568119255,0.21469267073664483,scaled_expit_0.25_calibrated,0.25,sigmoid_calib,5.208600174868796,0.339889424365392
6,10000.0,0.11928153183558941,0.07425142821940224,8.509383787602687e-07,0.023336636349683908,0.11365545835159224,0.22124614942417317,0.3656517808966457,0.2285387566870682,scaled_expit_0.3333333333333333,0.3333333333333333,,6.255133283630674,0.3785282421283716
6,10000.0,0.022848769792702017,0.011803154762632571,5.516231899704849e-06,0.005472597916792062,0.024752310346429135,0.037344241798684064,0.0480871232392043,0.21468825303364916,scaled_expit_0.3333333333333333_calibrated,0.3333333333333333,sigmoid_calib,5.210331375948042,0.33989631539793286
6,10000.0,0.09256777907416437,0.05535436591003381,1.95300670469134e-06,0.01883549413729666,0.09051014163120391,0.16752325055331388,0.2571378233267553,0.22190740746250484,scaled_expit_0.5,0.5,,5.942849592140783,0.3712284529557901
6,10000.0,0.022499819577961183,0.01223613068165995,1.431639464422041e-06,0.005108371638044707,0.02366725637791403,0.038311380348225475,0.05111427929742042,0.21468133876948228,scaled_expit_0.5_calibrated,0.5,sigmoid_calib,5.2151257851637975,0.33993712198108816
6,10000.0,0.05560806555589181,0.03090573788166257,2.410388848250733e-05,0.012096159303087129,0.05698270284135834,0.09600788595167269,0.1319611461515851,0.2163131194715635,scaled_expit_0.75,0.75,,5.546420209492752,0.3566632645125611
6,10000.0,0.021969160985012098,0.013281663034752767,2.4408183185720134e-06,0.004408385636007895,0.021693042298776555,0.04039544455857772,0.055951994402129765,0.21469090945179217,scaled_expit_0.75_calibrated,0.75,sigmoid_calib,5.225608519492494,0.3401133637830993
6,10000.0,0.02287132865992187,0.011279384253812547,2.095049595141063e-06,0.0057509888058457585,0.025309653107546487,0.03586062483870174,0.044627027029617135,0.21469908339939953,scaled_expit_1,1,,5.1948667280640715,0.3396954580761196
6,10000.0,0.021618594621350202,0.014677878198030972,6.300521002700066e-07,0.0035148744372260677,0.01989697810988253,0.043027517378203005,0.05960379253746419,0.2147450887406606,scaled_expit_1_calibrated,1,sigmoid_calib,5.240175694540182,0.3404758220715833
6,10000.0,0.0058933196195239835,0.004483706247773886,1.720919622916206e-07,0.0014757585579246336,0.0040886758541499035,0.012823493663966479,0.022211838905049408,0.21576619053174162,scaled_expit_1.25,1.25,,4.8432634137356905,0.3220677631917822
6,10000.0,0.021565262712150538,0.0161742982605474,6.192728597698149e-07,0.0026090713563540146,0.018918045192588828,0.04570898140272596,0.061435430658372175,0.2148561209718221,scaled_expit_1.25_calibrated,1.25,sigmoid_calib,5.2586385964507825,0.34102995204341857
6,10000.0,0.0304719567117834,0.01646032723606097,1.7245839079027547e-07,0.007115639819856813,0.0306706462702781,0.05280632301216636,0.06521845061904863,0.2185131054910762,scaled_expit_1.5,1.5,,4.440370247415805,0.3049306196015449
6,10000.0,0.02182162126196314,0.01754093158769258,3.0016445595748564e-06,0.0017315094398825672,0.018898897026014216,0.04806719552572303,0.06172265061517043,0.21502379062735544,scaled_expit_1.5_calibrated,1.5,sigmoid_calib,5.2802430734535335,0.3417429145247661
6,10000.0,0.051880267564416944,0.025915544343083526,6.8201996768491036e-06,0.013077181043050645,0.054169457865189785,0.08526111469065147,0.09741526487200036,0.22224007199526663,scaled_expit_1.75,1.75,,3.9174815984650224,0.28893078990353394
6,10000.0,0.022419902681532905,0.01864009568502915,3.331270445050549e-07,0.0012410876680938768,0.019757193125107125,0.050049125189498445,0.061113879232873716,0.21523974037560983,scaled_expit_1.75_calibrated,1.75,sigmoid_calib,5.303955218875164,0.3425669244295024
6,10000.0,0.07049241383198951,0.03337118100145106,2.8643548715123757e-06,0.018839439814779105,0.0750064122014188,0.11166871134620567,0.12229915230191357,0.2264826415931349,scaled_expit_2,2,,3.171588724799024,0.274362339085383
6,10000.0,0.023526302170647783,0.019439311389155337,3.150883408964411e-06,0.001070303099120523,0.02152539584303051,0.05178409274704169,0.06036755720537365,0.2154922797296603,scaled_expit_2_calibrated,2,sigmoid_calib,5.328772408986852,0.3434552316944711
6,10000.0,0.12286396213981914,0.05010049610908827,6.1302590829148684e-06,0.040832615717998774,0.13732151995728947,0.1755640099021534,0.17968095872114442,0.24408180384965059,scaled_expit_3,3,,-7.639086475235716,0.23039099964949972
6,10000.0,0.029973451317005014,0.020706400162983498,8.38047275297793e-07,0.0017692036856349405,0.032275325775080965,0.056310503837379705,0.05877750334303811,0.21665788223741797,scaled_expit_3_calibrated,3,sigmoid_calib,5.425869387465283,0.34702219522764133
6,10000.0,0.016920790825407216,0.009705059035721475,1.33666742230254e-07,0.006544088406657067,0.015753054777608938,0.031481871636001024,0.05346621653589778,0.22654156219436608,lr,lr_model,,4.970723241734373,0.35658487980698433
6,10000.0,0.016740856618177972,0.011974922544040128,1.640014141823798e-06,0.0062004047317584035,0.012157063336962148,0.03414940703844571,0.06793952405383874,0.2265966596252265,lr_calibrated,lr_model,sigmoid_calib,5.016263657810367,0.3574933050443461
6,10000.0,0.022991122710142656,0.013980327407560245,6.296805948213802e-06,0.006589336382917899,0.02182333655072516,0.04243833428704296,0.07567702766958906,0.22657758231123398,lr_l1,lr_l1_model,,5.113320999711293,0.35899202110942713
6,10000.0,0.016636863163210912,0.01184134016527536,7.181317730697856e-06,0.005961682680539648,0.01225496915678928,0.03359120537856968,0.0692632902450282,0.2265773038158061,lr_l1_calibrated,lr_l1_model,sigmoid_calib,5.045750317009376,0.3567970230692696
6,10000.0,0.03955034760560883,0.020787828350237667,8.745893508299574e-07,0.00927358908163925,0.04227084753483967,0.06698017491092728,0.08523609138100563,0.22820755230936365,lr_l2,lr_l2_model,,5.369984290811267,0.36810088511609645
6,10000.0,0.01881280367598292,0.009435622155615376,1.9560391473216754e-05,0.006187940509836788,0.019483875191040972,0.03281916376131314,0.04563047815012633,0.2274630407363407,lr_l2_calibrated,lr_l2_model,sigmoid_calib,5.0633876079438185,0.3603580362292165
6,10000.0,0.0401760874127866,0.028245855768705173,1.960517621024671e-07,0.004700330378245743,0.03917080560076075,0.07779939431340588,0.14336038221070488,0.23002968268723606,GBT_cv,GBT_cv_model,,5.671204727923053,0.3739602623392682
6,10000.0,0.014650086229513005,0.013176325622079314,7.90932344285622e-07,0.00025396928378501604,0.01285874273380358,0.03360603435229569,0.06701701027768996,0.2291595612789048,GBT_cv_calibrated,GBT_cv_model,sigmoid_calib,5.336346465785917,0.36495755161847293
6,10000.0,0.042655843671748565,0.03110781961511021,4.778853742892775e-06,0.0051509060619147565,0.03832020483364257,0.08882392571266284,0.14921988342737902,0.23038480302205216,rf_cv,rf_cv_model,,5.787436070539263,0.3781202296487077
6,10000.0,0.01842210456443704,0.015957225002062803,3.80134727145931e-06,0.003071239585104252,0.01186735026958971,0.04364882861003288,0.08417921119158464,0.22958674946963556,rf_cv_calibrated,rf_cv_model,sigmoid_calib,5.499193789637441,0.3703470664245117
7,10000.0,0.15493466681515072,0.09786498062056823,2.7310756233189792e-06,0.0304358652778491,0.1451064616491829,0.28923078978244354,0.5377548893257686,0.24077076148846419,scaled_expit_0.125,0.125,,6.304718250223572,0.374600565140256
7,10000.0,0.02480621094436412,0.010130094348960705,8.004039725340029e-06,0.008293537410230145,0.027541408359468472,0.037218268192961125,0.042731739212373276,0.2150370796748524,scaled_expit_0.125_calibrated,0.125,sigmoid_calib,4.849411784877351,0.32510023952398415
7,10000.0,0.13398710553715346,0.08214865374748465,0.00014488812827562203,0.027089267839865275,0.1273981218816872,0.2459415560302805,0.4325730598074573,0.23308224701776445,scaled_expit_0.25,0.25,,6.0272114051481696,0.3709379162467882
7,10000.0,0.02467605260376663,0.010181182299610236,1.0677486040222561e-05,0.008194487633514276,0.0274204621266666,0.037216645408688,0.04418733931741681,0.2150307034602902,scaled_expit_0.25_calibrated,0.25,sigmoid_calib,4.8588104143816215,0.3250907064602796
7,10000.0,0.12032417789308084,0.07206930265040044,2.6893089630886102e-05,0.024820274920293508,0.11596775526771458,0.21789579903390582,0.3663787840660513,0.22881799888884088,scaled_expit_0.3333333333333333,0.3333333333333333,,5.8618610779392855,0.367612567732798
7,10000.0,0.024556767887008574,0.01024780617460425,3.536593209207961e-05,0.008066547514524859,0.027284744120477017,0.03724224868710213,0.04561588993227805,0.21502511947261305,scaled_expit_0.3333333333333333_calibrated,0.3333333333333333,sigmoid_calib,4.867730612172224,0.32508530833539584
7,10000.0,0.09398304688552335,0.053215295828845176,8.69210613314575e-05,0.020946974860559527,0.0933811576316981,0.16419723666074354,0.25304871813546004,0.22225637929424602,scaled_expit_0.5,0.5,,5.5672632920236875,0.3591759495406942
7,10000.0,0.024258194769639498,0.010484870743727144,1.614230977575737e-05,0.0077746663711821045,0.026785359386977486,0.03739468751310741,0.0491947218278328,0.21501439019438576,scaled_expit_0.5_calibrated,0.5,sigmoid_calib,4.889621584725808,0.325091391820673
7,10000.0,0.05758087450322978,0.02889707359452465,2.8954435417172242e-05,0.014522189397712859,0.060938116192184366,0.092876833988062,0.12815011711824964,0.21669510841106734,scaled_expit_0.75,0.75,,5.182194732002283,0.3432905389135385
7,10000.0,0.023810898855954988,0.011184007905424388,2.8745688328557506e-06,0.00718590816833411,0.024972167154175162,0.03809162925518316,0.055050095763044316,0.21501327060555267,scaled_expit_0.75_calibrated,0.75,sigmoid_calib,4.926460059603128,0.3251898367310359
7,10000.0,0.02548635198354236,0.010129060683068928,4.706752028793559e-06,0.008305199577088397,0.029788364720277474,0.035067526816348164,0.04173010125974552,0.21505338342973046,scaled_expit_1,1,,4.811819302611411,0.32537409291667324
7,10000.0,0.023548008390816843,0.01226577716353988,1.2040587722417229e-05,0.006356865905270871,0.023313735444438655,0.03948339536789827,0.05974369734210694,0.2150490284940887,scaled_expit_1_calibrated,1,sigmoid_calib,4.9628644213674145,0.32544212887673574
7,10000.0,0.008703831850919051,0.005665497878729096,8.369398824537022e-07,0.002939945255339177,0.00777173188258623,0.014246665585830065,0.03652820168594409,0.21605499562306904,scaled_expit_1.25,1.25,,4.383937147087469,0.3070473716978502
7,10000.0,0.023587543926917046,0.013536785479917532,3.919917438754972e-06,0.005533648596632845,0.022384218587445326,0.04146927289479271,0.0625162440276521,0.21513280161605536,scaled_expit_1.25_calibrated,1.25,sigmoid_calib,4.996983745746316,0.32585461589459896
7,10000.0,0.02919204329214305,0.01808267028936758,3.952799171369481e-06,0.006328366992628259,0.02716678031308145,0.05459425320170991,0.0791043897803793,0.21871139429035316,scaled_expit_1.5,1.5,,3.792064928185226,0.2893651269370235
7,10000.0,0.023917477842164605,0.014766222618584873,2.459169989865728e-07,0.004764242693077824,0.022307948822804957,0.043705406078292756,0.0635725616206052,0.2152645079987528,scaled_expit_1.5_calibrated,1.5,sigmoid_calib,5.028610241766788,0.32640048065610433
7,10000.0,0.04964267743193918,0.028077056961668085,4.0197606529568386e-05,0.009972426974124463,0.05017983996396777,0.08694298140842015,0.10978407560741858,0.2223286776405488,scaled_expit_1.75,1.75,,2.857953323621024,0.2729129171323502
7,10000.0,0.024629647156546315,0.01586391477265181,5.891087049070265e-06,0.004443093992888658,0.023108796079464783,0.04609988922530871,0.0637166262230463,0.21543697423502695,scaled_expit_1.75_calibrated,1.75,sigmoid_calib,5.057887509961089,0.32704124258999295
7,10000.0,0.06775295007380187,0.03560268475129767,2.815162867525478e-05,0.015076390399414297,0.07064097448220508,0.1130548046664721,0.13266724018507126,0.22644540572086608,scaled_expit_2,2,,1.2630355243362912,0.2579495118918157
7,10000.0,0.025556646018856616,0.01671395820075506,2.9115636834831093e-06,0.004385486985620135,0.024447440407386806,0.048320398487366994,0.06324755848146568,0.21564027414051776,scaled_expit_2_calibrated,2,sigmoid_calib,5.084984440336061,0.32773975568793184
7,10000.0,0.11956794005631423,0.05214569168884757,1.964837421924992e-05,0.03522510073405592,0.13299097903557006,0.17577290245206262,0.1838149404721485,0.2434350016408726,scaled_expit_3,3,,-34.747736239820775,0.21270361598714926
7,10000.0,0.031328606176664615,0.018784808368128545,7.938941337326533e-06,0.005964094959179977,0.033706297943821184,0.055821180935116156,0.06196739546127239,0.21658629017747544,scaled_expit_3_calibrated,3,sigmoid_calib,5.1744738391567715,0.3306122386095546
7,10000.0,0.017434983004569624,0.00862343344993118,3.561800132279025e-06,0.007708171051759749,0.015371957669796793,0.031460521201100856,0.044261245694304785,0.22779188513173762,lr,lr_model,,4.9670412546558715,0.3424613330059314
7,10000.0,0.01742852220950733,0.010969772779418619,3.5353611340660507e-06,0.00688192614622204,0.012900913052945495,0.03348491935372883,0.06283075797644544,0.22782689963538383,lr_calibrated,lr_model,sigmoid_calib,5.017374057594925,0.34350845926807183
7,10000.0,0.018128238853134276,0.00898254106801044,1.3518701273973477e-05,0.007894347222941278,0.016059417289770617,0.032544559981827405,0.04609586437366586,0.22778945599698291,lr_l1,lr_l1_model,,4.981983831782394,0.34278195346865376
7,10000.0,0.017446389812763315,0.010936429026459091,4.284355123784778e-06,0.006932938075315943,0.012879543006173166,0.033372248974192484,0.06269009748112242,0.2278236523875753,lr_l1_calibrated,lr_l1_model,sigmoid_calib,5.022106150925452,0.3434540753400517
7,10000.0,0.02781376331433853,0.0123137318686329,5.160081937516381e-06,0.00943690044998149,0.029138491274006723,0.044995420109271635,0.04867296385997866,0.2284866928552693,lr_l2,lr_l2_model,,5.149131262165781,0.3486867668353436
7,10000.0,0.01835600384581901,0.00854788932794326,2.902661307957466e-05,0.007933833072338128,0.016701331905872224,0.03110092035980893,0.04214079179590524,0.2283230913069191,lr_l2_calibrated,lr_l2_model,sigmoid_calib,5.074726849045291,0.3448195482516424
7,10000.0,0.038268226134437894,0.024597585298690636,2.964104979830129e-05,0.006206569588525113,0.03706128633618344,0.0711801848370543,0.11929067624695766,0.23089933581013505,GBT_cv,GBT_cv_model,,5.510414034183718,0.3555001546101317
7,10000.0,0.015157613976044494,0.010503289559107462,6.944332473168835e-06,0.003315451560682704,0.013642699369019129,0.02971710564700073,0.05317622326608076,0.23017387152802238,GBT_cv_calibrated,GBT_cv_model,sigmoid_calib,5.277307492432275,0.3470651877189971
7,10000.0,0.04320329921587566,0.0303620679791388,6.937147772001495e-06,0.005993148802195349,0.03916110267947209,0.08693001852149668,0.1428307829416547,0.23144279592220565,rf_cv,rf_cv_model,,5.666467900338182,0.3604264085323046
7,10000.0,0.01507842598194492,0.014610975878128797,2.1207442080228844e-07,0.0006649743792599028,0.01099003324008549,0.03741264506756353,0.06599835951067032,0.23048911710084377,rf_cv_calibrated,rf_cv_model,sigmoid_calib,5.43560331728625,0.34978964683970865
8,10000.0,0.1550179372116304,0.1046384811517909,3.771282575171231e-06,0.028094249075928893,0.13882186702267613,0.2992661437598464,0.5925614865812586,0.24047567939184347,scaled_expit_0.125,0.125,,6.546350426979674,0.43694526935409456
8,10000.0,0.020537240671387316,0.012006642630845448,2.2609450487931504e-06,0.0049780694274384986,0.0197529149794054,0.03682947555986421,0.05717872930744877,0.21336233230583376,scaled_expit_0.125_calibrated,0.125,sigmoid_calib,5.133773328944577,0.38253003674132613
8,10000.0,0.1340900150537939,0.08869250342407763,5.431375338205147e-06,0.02481024632949085,0.12147124470981846,0.2561512861480881,0.4847868398575491,0.23251343956329915,scaled_expit_0.25,0.25,,6.272771117822334,0.4333689845045765
8,10000.0,0.020429344096279875,0.012195633947073951,3.240626781642053e-06,0.004878882978065985,0.019408179958073618,0.037167241565448844,0.05831625622226768,0.2133685079136134,scaled_expit_0.25_calibrated,0.25,sigmoid_calib,5.138498318827395,0.3825446324139721
8,10000.0,0.12044302602082875,0.07846457626818205,9.497070912578565e-06,0.022678156098048144,0.11008862134835895,0.22824758657540015,0.4173494583544245,0.22808175230495475,scaled_expit_0.3333333333333333,0.3333333333333333,,6.112568076055692,0.43001913287278626
8,10000.0,0.020328787085934445,0.01239386628788005,3.034833851889296e-06,0.004764985351301959,0.019073720414218093,0.03752965333672642,0.05940958320064365,0.2133757597384712,scaled_expit_0.3333333333333333_calibrated,0.3333333333333333,sigmoid_calib,5.14311703035758,0.3825645425451169
8,10000.0,0.09414572977291011,0.0593429455372713,5.980940435568183e-05,0.018439922274001302,0.0878631135239025,0.1752199281997203,0.29846201611482476,0.22122313735036245,scaled_expit_0.5,0.5,,5.8349137966852185,0.4213305018790129
8,10000.0,0.020090368882960303,0.012961541555495578,5.893002741341746e-07,0.00439066868296239,0.018202967505341172,0.03855062122615683,0.0620699190589035,0.2134007377326598,scaled_expit_0.5_calibrated,0.5,sigmoid_calib,5.155016218081782,0.3826448580864307
8,10000.0,0.05779984983093812,0.034616708131406396,8.928937490271238e-06,0.012337842568122015,0.055296862373819644,0.1046262810233484,0.16261205250606642,0.21530344627097361,scaled_expit_0.75,0.75,,5.496270597766659,0.4046557024972716
8,10000.0,0.0197668359188481,0.014187752240091868,1.5202650850421051e-06,0.0036856607940160325,0.016584945015260533,0.04065621870232813,0.06602007098460248,0.2134751875758191,scaled_expit_0.75_calibrated,0.75,sigmoid_calib,5.176883850198683,0.3829214449414593
8,10000.0,0.025696439645292935,0.014808517491753487,2.6769251993408183e-06,0.005821493693394348,0.02515856973670566,0.04542853940780786,0.06832133665171297,0.2133928609002152,scaled_expit_1,1,,5.2107261579766835,0.38570630130818895
8,10000.0,0.019668941892565534,0.01568810558052352,4.874065862359167e-06,0.0026955619719005674,0.015263580060543569,0.04338112277759649,0.06853368485659608,0.21360712735852358,scaled_expit_1_calibrated,1,sigmoid_calib,5.200770443267609,0.3834433485373166
8,10000.0,0.004166059913869292,0.0024347429498554184,8.202064361029215e-09,0.0006519285635930184,0.004607577453945633,0.0077901216409639335,0.008595905076221988,0.214205138688086,scaled_expit_1.25,1.25,,4.933980152632488,0.3663605063150545
8,10000.0,0.019894763445398894,0.017198325983499272,1.3347948362163464e-06,0.0015674040628240737,0.01489755103737267,0.046154312033646686,0.06921997163030377,0.21380087117463867,scaled_expit_1.25_calibrated,1.25,sigmoid_calib,5.225146207953876,0.38421733712887335
8,10000.0,0.027180193725111285,0.013575123281863135,8.406322901000074e-06,0.005733908570857695,0.030483681127948054,0.04305857498875658,0.05301281485971643,0.21674556081000895,scaled_expit_1.5,1.5,,4.612646444698981,0.34782547384667006
8,10000.0,0.020513373571281007,0.018434512719375174,2.116545664954117e-06,0.0008851895457108462,0.01548240404008211,0.04858931598676796,0.06853635465805312,0.2140500788871529,scaled_expit_1.5_calibrated,1.5,sigmoid_calib,5.249336182542501,0.3852000090906106
8,10000.0,0.04818866225518736,0.023315780631347482,5.51996838016322e-07,0.011085841651740766,0.052784173394942235,0.07604220946360626,0.08740178865374337,0.22031304401006918,scaled_expit_1.75,1.75,,4.169558220254806,0.33074235758322934
8,10000.0,0.021643879822374514,0.019183578413882196,1.9028748099836346e-05,0.0019623391744736764,0.0169594834579532,0.05069912463937895,0.06718181005805632,0.21434246588827133,scaled_expit_1.75_calibrated,1.75,sigmoid_calib,5.272957353249734,0.3863263917050952
8,10000.0,0.0665381706268196,0.031030597497599555,1.3755326495057396e-05,0.016726400045059642,0.0723313339775617,0.1030517607019327,0.11374526963247134,0.2244369850984633,scaled_expit_2,2,,3.4805160394102486,0.3153655559445864
8,10000.0,0.023100228682456536,0.01982492654854075,8.894221092181631e-06,0.0020959850814933345,0.019185634651400774,0.052549007927729735,0.06590286324440622,0.21466431681476505,scaled_expit_2_calibrated,2,sigmoid_calib,5.295750684767087,0.3875320231331534
8,10000.0,0.11839351616628899,0.04852813158093302,1.856717833548238e-05,0.03785451751282456,0.1325447120822653,0.16892638218907907,0.1733362629990628,0.24182750593453575,scaled_expit_3,3,,-9.150448935012117,0.26992203550238564
8,10000.0,0.03002345912998648,0.02121380263157088,1.525465211371646e-06,0.0022794752218697313,0.031299104720917265,0.05728367661213235,0.06275303262449111,0.21603263368917042,scaled_expit_3_calibrated,3,sigmoid_calib,5.376293618843284,0.3922858609956029
8,10000.0,0.01731581573185828,0.009826220996451626,3.6728300824573346e-06,0.004010544856650938,0.018000696334169092,0.02978471392975314,0.052270329517959103,0.2230193344504786,lr,lr_model,,5.042563193185272,0.3862759776673071
8,10000.0,0.01732446089298795,0.012647354321893126,2.77165641487942e-06,0.003768623946953925,0.014081875081598888,0.03539921448867306,0.06586415945403354,0.22310375874878027,lr_calibrated,lr_model,sigmoid_calib,5.091011468577348,0.3876866890978841
8,10000.0,0.025359657055801836,0.014563828371925422,7.842963800075431e-07,0.00534109355783724,0.026208692551382168,0.04322944744146809,0.07495059084043164,0.22316443183822807,lr_l1,lr_l1_model,,5.218489061644245,0.3907619400617366
8,10000.0,0.017590743209024772,0.012105809740156634,5.523394498219147e-06,0.004262475306837021,0.015161976852049897,0.0344492264393771,0.06489652326575276,0.22314986006225132,lr_l1_calibrated,lr_l1_model,sigmoid_calib,5.166955445631295,0.3866231999443253
8,10000.0,0.049889752235001916,0.026337136635176218,6.632920868943071e-06,0.011073374415866822,0.05301478566327583,0.08214475409007412,0.10346261806894233,0.22498263271519778,lr_l2,lr_l2_model,,5.467702224788181,0.4062493951065114
8,10000.0,0.020104009991102654,0.009520747245185925,3.745165278123963e-06,0.005229928583336491,0.02252539203842216,0.030073963225891565,0.03643001065503336,0.2235430186177201,lr_l2_calibrated,lr_l2_model,sigmoid_calib,5.146113752123552,0.3894503818549462
8,10000.0,0.044685745566722536,0.030431883447696553,2.7229738923884028e-05,0.007580921444798113,0.03906968235530603,0.08911800704629817,0.14006345778741125,0.22556134360944458,GBT_cv,GBT_cv_model,,5.533629419881187,0.3981865602635223
8,10000.0,0.016120343208900125,0.014506089698180857,3.4061040543598153e-08,0.00023521609890648777,0.012005184780223832,0.0379670591464735,0.06352452194749578,0.22456087820731888,GBT_cv_calibrated,GBT_cv_model,sigmoid_calib,5.266635273085533,0.38172135460650747
8,10000.0,0.050208294027531505,0.03470620895062602,4.290558372366249e-06,0.007293554371524996,0.04642644308659055,0.10314414514957058,0.1470825582069245,0.22666462098298454,rf_cv,rf_cv_model,,5.693381680168348,0.40270772342846756
8,10000.0,0.017526771053273642,0.016147842137250738,1.9279782897951847e-06,0.0009356590067946369,0.013608133624126273,0.04253485667966963,0.06889826270206756,0.22533779303296186,rf_cv_calibrated,rf_cv_model,sigmoid_calib,5.4188842165559965,0.3833195483062703
9,10000.0,0.15520650122861912,0.10374198997666376,7.583735835636762e-05,0.028531140911386723,0.14174908928771915,0.30014226135723393,0.6425830800571484,0.24045580509630662,scaled_expit_0.125,0.125,,6.720233817514904,0.39319473600144017
9,10000.0,0.022470553619130935,0.013050181867730807,1.3749592992828852e-05,0.006409552066328206,0.020577514980618383,0.04046776505154947,0.06894492069031422,0.21376518975925965,scaled_expit_0.125_calibrated,0.125,sigmoid_calib,5.206153900130063,0.34972122333652805
9,10000.0,0.13400588230679703,0.08776380471629344,5.653540347760888e-05,0.02498920293223673,0.12379808311080615,0.2562086026415255,0.5115077655746497,0.23250077774248476,scaled_expit_0.25,0.25,,6.42386056241929,0.3911056108549926
9,10000.0,0.022376572134365256,0.013220660308141854,1.7816148579763436e-06,0.0063342792456396405,0.020164768602402267,0.04052698581527515,0.07033389374739818,0.21376809354423285,scaled_expit_0.25_calibrated,0.25,sigmoid_calib,5.210880222463566,0.3497193840227203
9,10000.0,0.12018897716726683,0.07752128716328337,3.107777918331944e-05,0.022714511226870737,0.11200308033688927,0.22771253892745197,0.43019583986594906,0.228087273377158,scaled_expit_0.3333333333333333,0.3333333333333333,,6.248808391196542,0.38872024711015146
9,10000.0,0.02229330247771531,0.01340166489389527,7.957282041393121e-06,0.006302497917761163,0.019761915146124853,0.04061389853569831,0.07167646705872621,0.21377205101627827,scaled_expit_0.3333333333333333_calibrated,0.3333333333333333,sigmoid_calib,5.215479757928119,0.3497217590750174
9,10000.0,0.09358637373087078,0.05838220975599312,1.9979235432177056e-05,0.018324037988298392,0.08885713323659067,0.17420070646892621,0.2905598395059425,0.22129140731229383,scaled_expit_0.5,0.5,,5.94133232736513,0.38188882953208314
9,10000.0,0.022101137185128693,0.013919410541858865,3.6864265424707554e-06,0.006093942670653286,0.01872376355899144,0.04099102137333841,0.07494590563520798,0.21378813529024673,scaled_expit_0.5_calibrated,0.5,sigmoid_calib,5.227218897426826,0.3497494441110363
9,10000.0,0.05694271704505997,0.03367629663799148,4.611205844851085e-05,0.012143837918754072,0.05536965938365118,0.10277810573229221,0.16146289726803986,0.21551348212427346,scaled_expit_0.75,0.75,,5.554587321772993,0.36777286415856364
9,10000.0,0.021902928260908252,0.015034794999281427,2.4596965009227034e-07,0.005972284886296354,0.016878706164925927,0.0424042587903615,0.07983546358506954,0.21384501779137946,scaled_expit_0.75_calibrated,0.75,sigmoid_calib,5.248291005758297,0.3498963746444998
9,10000.0,0.025074626603644692,0.01379165893606843,1.2991057958156027e-05,0.007019226747359676,0.023887863022115513,0.04254896574757367,0.07324099299411302,0.21377595925226073,scaled_expit_1,1,,5.211440411378922,0.3510197358594514
9,10000.0,0.021981484857420096,0.016342692284002296,9.593100398497256e-06,0.005851069791686969,0.015380158000039695,0.04512319910330692,0.08282999270457436,0.21395686262586863,scaled_expit_1_calibrated,1,sigmoid_calib,5.270503302683269,0.3502201111817832
9,10000.0,0.008248263009116517,0.004662852156031528,6.130193030973174e-08,0.0017893575085831115,0.008162142546521395,0.013902245629705878,0.021622799954957608,0.2147681034184755,scaled_expit_1.25,1.25,,4.859392362905192,0.33343763599251214
9,10000.0,0.022401936794961604,0.01751940952925005,8.120119760257616e-06,0.006508505413740285,0.014753378278304474,0.04777831857878171,0.08321683004291702,0.21413053177714128,scaled_expit_1.25_calibrated,1.25,sigmoid_calib,5.292420973730222,0.35072926652823305
9,10000.0,0.030627638396277898,0.013761711796293907,5.742376396777882e-06,0.00963220615669932,0.03383986333139305,0.04834517991514242,0.06647358615276996,0.21747801276279716,scaled_expit_1.5,1.5,,4.432531118817683,0.3162258439761179
9,10000.0,0.02316096634428199,0.018394882523441566,7.416037682284049e-06,0.006018911733320836,0.015136043358889018,0.04989006890333772,0.08161665694826215,0.2143617453354525,scaled_expit_1.5_calibrated,1.5,sigmoid_calib,5.3136756433699395,0.3513943355058751
9,10000.0,0.05175013400562955,0.023247216611411263,3.030045807467241e-05,0.01541760663003845,0.056648136880448285,0.0794002114047141,0.09934722289128035,0.22119581774349964,scaled_expit_1.75,1.75,,3.8334807614345348,0.300070317079032
9,10000.0,0.024104667134474872,0.01905372811030377,3.4576028909993894e-06,0.004725477604313433,0.016384934069975016,0.05142106311656215,0.07897424804754216,0.21463974460883323,scaled_expit_1.75_calibrated,1.75,sigmoid_calib,5.334211611950998,0.35217083210019434
9,10000.0,0.07024272902652846,0.030837008222726232,3.100400196093256e-05,0.02135724477224279,0.0769090559005505,0.10546187855098844,0.12429916285789244,0.22544866715048978,scaled_expit_2,2,,2.9046620305245145,0.28529795395219193
9,10000.0,0.025313224343763843,0.01963268893638254,6.655174558556354e-06,0.003919546654741424,0.018500898726568626,0.05325683751127867,0.07632004761663691,0.21495177127427678,scaled_expit_2_calibrated,2,sigmoid_calib,5.354022930040126,0.3530151195625609
9,10000.0,0.12257501558784757,0.047831702727984135,3.0150114477378587e-05,0.043511906503406854,0.13777481405985764,0.1714571390867084,0.18063783850310164,0.243189381291059,scaled_expit_3,3,,-13.366268045037312,0.24046950507677348
9,10000.0,0.03118181896290315,0.020843188615605874,1.1597187509204687e-06,0.004074238463739466,0.030568492487250687,0.05983279286034733,0.06860779427758013,0.21632928837098092,scaled_expit_3_calibrated,3,sigmoid_calib,5.425856111033103,0.35648341817047335
9,10000.0,0.01601407843480738,0.00899734367736782,5.72040484925207e-07,0.0034719908520739586,0.015765910157117424,0.028344070885435214,0.040307558105490804,0.226657904490695,lr,lr_model,,4.962530730431917,0.36353118865434947
9,10000.0,0.015657808687955004,0.01197455950333419,2.2648738834396553e-07,0.0022324022107565182,0.01219207934509875,0.033898164898543075,0.05395660297662851,0.22672966114911788,lr_calibrated,lr_model,sigmoid_calib,5.018633088261835,0.3643515913043994
9,10000.0,0.01986994037974879,0.01164813601125144,5.694446749249238e-06,0.004199839011635371,0.0193186068759941,0.03571822504756401,0.05517252347338086,0.22688090912037123,lr_l1,lr_l1_model,,5.0616445202464435,0.36546257861146886
9,10000.0,0.015600295559779254,0.011931832013944753,1.302134577718661e-06,0.0023612781686431607,0.012301475209849755,0.033593652281748765,0.055002444313110854,0.22692381824183905,lr_l1_calibrated,lr_l1_model,sigmoid_calib,5.050991538251838,0.36428139498511136
9,10000.0,0.04197975439027968,0.02196169559732297,4.918091599470653e-06,0.009741541391091625,0.044061920552769085,0.06523627375936204,0.11079102069484567,0.22839025759270604,lr_l2,lr_l2_model,,5.384720486716514,0.37297891692610363
9,10000.0,0.01834149877710275,0.009022568215832034,1.2880728079700532e-06,0.005073919396259519,0.019610101770422966,0.02775743108626027,0.049281503989216366,0.22749102157577755,lr_l2_calibrated,lr_l2_model,sigmoid_calib,5.021220310201841,0.36390832464344963
9,10000.0,0.03741635889745584,0.02338190535022831,1.639010647769279e-05,0.007363208623986706,0.035455102101963454,0.07277222269621797,0.1187515171075435,0.23045556002021858,GBT_cv,GBT_cv_model,,5.687130353234643,0.37756668589692344
9,10000.0,0.015175663650630855,0.010401927526042272,6.232940596984093e-08,0.002971867184575922,0.012723288545316236,0.03172684138781934,0.05256605276910442,0.22983005168133885,GBT_cv_calibrated,GBT_cv_model,sigmoid_calib,5.405519386977014,0.368886979061382
9,10000.0,0.045533623451333806,0.029459157744836133,1.1010590110105412e-05,0.009253392070505014,0.04275845479220147,0.09080138159131806,0.14335436405302415,0.23050559123033662,rf_cv,rf_cv_model,,5.75033921706127,0.373702172637745
9,10000.0,0.017606286258311253,0.012801140278931674,1.266078909023527e-05,0.006844118123295939,0.013387466162359973,0.03612892032858627,0.07069376328550603,0.22947369980637658,rf_cv_calibrated,rf_cv_model,sigmoid_calib,5.404006280766264,0.36205515828131174
